<?xml version="1.0" encoding="UTF-8"?>
<configuration>
	<property resource="bootstrap.properties" />
	<appender name="CONSOLE_APPENDER" class="ch.qos.logback.core.ConsoleAppender">
        <encoder>
            <charset>UTF-8</charset>
            <pattern>%d{yyyy-MM-dd}T%d{HH:mm:ss}Z [${spring.application.name}] app 6 [%t][%level] %logger{36} - %X{correlationId} %m%n</pattern>
        </encoder>
    </appender>
    
    <root level="info">
        <appender-ref ref="CONSOLE_APPENDER"/>      
    </root>

</configuration>
